{"cameraMode":{"drawMode":0,"name":"Shaded","section":"Shading Mode"},"sceneLighting":false,"audioPlay":false,"sceneViewState":{"m_AlwaysRefresh":false,"showFog":true,"showSkybox":false,"showFlares":true,"showImageEffects":true,"showParticleSystems":true,"showVisualEffectGraphs":true,"m_FxEnabled":true},"in2DMode":false,"pivot":{"x":0.30296698212623598,"y":2.6319198608398439,"z":15.179910659790039},"rotation":{"x":-0.020093193277716638,"y":-0.9627507925033569,"z":-0.07466127723455429,"w":0.2593044638633728},"size":0.9267441034317017,"orthographic":false}