{"cameraMode":{"drawMode":0,"name":"Shaded","section":"Shading Mode"},"sceneLighting":false,"audioPlay":false,"sceneViewState":{"m_AlwaysRefresh":false,"showFog":true,"showSkybox":false,"showFlares":true,"showImageEffects":true,"showParticleSystems":true,"showVisualEffectGraphs":true,"m_FxEnabled":true},"in2DMode":false,"pivot":{"x":0.9591264128684998,"y":2.009237289428711,"z":1.6634273529052735},"rotation":{"x":0.0005595768452621996,"y":0.8395959138870239,"z":-0.0003646397963166237,"w":0.5435075759887695},"size":0.24355250597000123,"orthographic":false}