{"cameraMode":{"drawMode":0,"name":"Shaded","section":"Shading Mode"},"sceneLighting":true,"audioPlay":false,"sceneViewState":{"m_AlwaysRefresh":false,"showFog":true,"showSkybox":true,"showFlares":true,"showImageEffects":true,"showParticleSystems":true,"showVisualEffectGraphs":true,"m_FxEnabled":true},"in2DMode":false,"pivot":{"x":14.48709774017334,"y":3.1571011543273927,"z":16.750865936279298},"rotation":{"x":0.06748467683792114,"y":-0.9257292747497559,"z":0.19914761185646058,"w":0.31497499346733096},"size":2.008681297302246,"orthographic":false}