{"cameraMode":{"drawMode":0,"name":"Shaded","section":"Shading Mode"},"sceneLighting":false,"audioPlay":false,"sceneViewState":{"m_AlwaysRefresh":false,"showFog":true,"showSkybox":false,"showFlares":true,"showImageEffects":true,"showParticleSystems":true,"showVisualEffectGraphs":true,"m_FxEnabled":true},"in2DMode":false,"pivot":{"x":0.8741472959518433,"y":1.9799752235412598,"z":1.41092848777771},"rotation":{"x":0.055907391011714938,"y":-0.9434387683868408,"z":0.21362482011318208,"w":0.24811013042926789},"size":0.2872282564640045,"orthographic":false}